<li><a href="#accounting">Accounting</a></li>
<li><a href="#aerospace-studies">Aerospace Studies</a></li>
<li><a href="#african-american-studies">African American Studies</a></li>
<li><a href="#african-studies">African Studies</a></li>
<li><a href="#american-studies">American Studies</a></li>
<li><a href="#anthropology">Anthropology</a></li>
<li><a href="#applied-mathematics">Applied Mathematics</a></li>
<li><a href="#applied-physics">Applied Physics</a></li>
<li><a href="#archaeological-studies">Archaeological Studies</a></li>
<li><a href="#architecture">Architecture</a></li>
<li><a href="#art">Art</a></li>
<li><a href="#astronomy">Astronomy</a></li>
<li><a href="#biology">Biology</a></li>
<li><a href="#biomedical-engineering">Biomedical Engineering</a></li>
<li><a href="#british-studies">British Studies</a></li>
<li><a href="#chemical-engineering">Chemical Engineering</a></li>
<li><a href="#chemistry">Chemistry</a></li>
<li><a href="#child-study-center">Child Study Center</a></li>
<li><a href="#classics">Classics</a></li>
<li><a href="#cognitive-science">Cognitive Science</a></li>
<li><a href="#college-seminars">College Seminars</a></li>
<li><a href="#comparative-literature">Comparative Literature</a></li>
<li><a href="#computer-science">Computer Science</a></li>
<li><a href="#computer-science-mathematics">Computer Science and Mathematics</a></li>
<li><a href="#computer-science-psychology">Computer Science and Psychology</a></li>
<li><a href="#computing-arts">Computing and the Arts</a></li>
<li><a href="#devane-lecture-course">DeVane Lecture Course</a></li>
<li><a href="#directed-studies">Directed Studies</a></li>
<li><a href="#east-asian-languages-literatures">East Asian Languages and Literatures</a></li>
<li><a href="#east-asian-studies">East Asian Studies</a></li>
<li><a href="#ecology-evolutionary-biology">Ecology and Evolutionary Biology</a></li>
<li><a href="#economics">Economics</a></li>
<li><a href="#economics-mathematics">Economics and Mathematics</a></li>
<li><a href="#education-studies">Education Studies</a></li>
<li><a href="#electrical-engineering">Electrical Engineering</a></li>
<li><a href="#electrical-engineering-computer-science">Electrical Engineering and Computer Science</a></li>
<li><a href="#engineering">Engineering</a></li>
<li><a href="#engineering-applied-science">Engineering and Applied Science</a></li>
<li><a href="#english-language-literature">English Language and Literature</a></li>
<li><a href="#environment">Environment</a></li>
<li><a href="#environmental-engineering">Environmental Engineering</a></li>
<li><a href="#environmental-studies">Environmental Studies</a></li>
<li><a href="ethics-politics-economics">Ethics-Politics-Economics</a></li>
<li><a href="#ethnicity-race-migration">Ethnicity, Race, and Migration</a></li>
<li><a href="#film-studies">Film Studies</a></li>
<li><a href="#forestry-environmental-studies">Forestry and Environmental Studies</a></li>
<li><a href="#french">French</a></li>
<li><a href="#freshman-seminar-program">Freshman Seminar program</a></li>
<li><a href="#geology-geophysics">Geology and Geophysics</a></li>
<li><a href="#german-studies">German Studies</a></li>
<li><a href="#germanic-languages-literatures">Germanic Languages and Literatures</a></li>
<li><a href="#global-affairs">Global Affairs</a></li>
<li><a href="#global-health-studies">Global Health Studies</a></li>
<li><a href="#hellenic-studies">Hellenic Studies</a></li>
<li><a href="#history">History</a></li>
<li><a href="#history-of-art">History of Art</a></li>
<li><a href="history-of-science-medicine-public-health">History of Science, Medicine, and Public Health</a></li>
<li><a href="#humanities">Humanities</a></li>
<li><a href="#italian">Italian</a></li>
<li><a href="#judaic-studies">Judaic Studies</a></li>
<li><a href="#latin-american-studies">Latin American Studies</a></li>
<li><a href="#linguistics">Linguistics</a></li>
<li><a href="#literature">Literature</a></li>
<li><a href="#mathematics">Mathematics</a></li>
<li><a href="#mathematics-philosophy">Mathematics and Philosophy</a></li>
<li><a href="#mathematics-physics">Mathematics and Physics</a></li>
<li><a href="#mechanical-engineering">Mechanical Engineering</a></li>
<li><a href="#media-theory-history">Media Theory and History</a></li>
<li><a href="#modern-middle-east-studies">Modern Middle East Studies</a></li>
<li><a href="#molecular-biophysics-biochemistry">Molecular Biophysics and Biochemistry</a></li>
<li><a href="#molecular-cellular-developmental-biology">Molecular, Cellular, and Developmental Biology</a></li>
<li><a href="#music">Music</a></li>
<li><a href="#naval-science">Naval Science</a></li>
<li><a href="#near-eastern-languages-civilizations">Near Eastern Languages and Civilizations</a></li>
<li><a href="#operations-research">Operations Research</a></li>
<li><a href="#philosophy">Philosophy</a></li>
<li><a href="#physics">Physics</a></li>
<li><a href="#physics-philosophy">Physics and Philosophy</a></li>
<li><a href="#political-science">Political Science</a></li>
<li><a href="#portuguese">Portuguese</a></li>
<li><a href="#psychology">Psychology</a></li>
<li><a href="#public-health">Public Health</a></li>
<li><a href="#quantitative-reasoning">Quantitative Reasoning</a></li>
<li><a href="#religious-studies">Religious Studies</a></li>
<li><a href="#russian-east-european-studies">Russian and East European Studies</a></li>
<li><a href="#science">Science</a></li>
<li><a href="#slavic-languages-literatures">Slavic Languages and Literatures</a></li>
<li><a href="#sociology">Sociology</a></li>
<li><a href="#south-asian-studies">South Asian Studies</a></li>
<li><a href="#southeast-asia-studies">Southeast Asia Studies</a></li>
<li><a href="#spanish">Spanish</a></li>
<li><a href="#special-divisional-majors">Special Divisional Majors</a></li>
<li><a href="#statistics">Statistics</a></li>
<li><a href="#study-of-city">Study of the City</a></li>
<li><a href="#theater-studies">Theater Studies</a></li>
<li><a href="#urban-studies">Urban Studies</a></li>
<li><a href="#womens-gender-sexuality-studies">Women's, Gender, and Sexuality Studies</a></li>

